{"name":"8fd34eea-647e-4e72-97d5-f96d93973688","id":"/providers/Microsoft.Flow/flows/8fd34eea-647e-4e72-97d5-f96d93973688","type":"Microsoft.Flow/flows","properties":{"apiId":"/providers/Microsoft.PowerApps/apis/shared_logicflows","displayName":"Sub-Money","definition":{"metadata":{"workflowEntityId":null,"processAdvisorMetadata":null,"flowChargedByPaygo":null,"flowclientsuspensionreason":"None","flowclientsuspensiontime":null,"flowclientsuspensionreasondetails":null,"creator":{"id":"ca922f24-af7e-43f6-9844-5e86a03d9b57","type":"User","tenantId":"0a9788cc-0df2-45b2-857e-e6c3fa127f1d"},"provisioningMethod":"FromDefinition","failureAlertSubscription":true,"clientLastModifiedTime":"2023-07-12T08:54:48.5304454Z"},"$schema":"https://schema.management.azure.com/providers/Microsoft.Logic/schemas/2016-06-01/workflowdefinition.json#","contentVersion":"1.0.0.0","parameters":{"$connections":{"defaultValue":{},"type":"Object"},"$authentication":{"defaultValue":{},"type":"SecureObject"}},"triggers":{"manual":{"metadata":{"operationMetadataId":"4f1ab13b-21ef-4bf0-b994-db8c09a180c6"},"type":"Request","kind":"PowerApp","inputs":{"schema":{"type":"object","properties":{"Updateitem_Id":{"type":"integer","format":"int64","description":"Unique identifier of item to be updated","x-ms-powerflows-param-ispartial":false},"Updateitem_Title":{"type":"string","x-ms-powerflows-param-ispartial":false},"Updateitem_MoneyRemains":{"type":"number","format":"double","x-ms-powerflows-param-ispartial":false},"Updateitem_MoneyRemains_1":{"type":"number"}},"required":["Updateitem_Id","Updateitem_Title","Updateitem_MoneyRemains","Updateitem_MoneyRemains_1"]}}}},"actions":{"Update_item":{"runAfter":{},"metadata":{"operationMetadataId":"2bc66420-fce6-4f00-a6e7-55158c5d290f"},"type":"OpenApiConnection","inputs":{"host":{"apiId":"/providers/Microsoft.PowerApps/apis/shared_sharepointonline","connectionName":"shared_sharepointonline","operationId":"PatchItem"},"parameters":{"dataset":"https://spb5107.sharepoint.com/sites/BankingApp","table":"605c2681-d91e-4b4e-859c-4fdf100c8689","id":"@triggerBody()['Updateitem_Id']","item/Title":"@triggerBody()['Updateitem_Title']","item/MoneyRemains":"@sub(int(triggerBody()['Updateitem_MoneyRemains']),int(triggerBody()['Updateitem_MoneyRemains_1']))"},"authentication":{"value":"@json(decodeBase64(triggerOutputs().headers['X-MS-APIM-Tokens']))['$ConnectionKey']","type":"Raw"}}}}},"connectionReferences":{"shared_sharepointonline":{"connectionName":"0a33255a9cd546fd9234b4e19fa7d3da","source":"Invoker","id":"/providers/Microsoft.PowerApps/apis/shared_sharepointonline","tier":"NotSpecified"}},"flowFailureAlertSubscribed":false,"isManaged":false}}