{"name":"fc5c912e-ccb1-4a8d-b362-4004e7ab071d","id":"/providers/Microsoft.Flow/flows/fc5c912e-ccb1-4a8d-b362-4004e7ab071d","type":"Microsoft.Flow/flows","properties":{"apiId":"/providers/Microsoft.PowerApps/apis/shared_logicflows","displayName":"Bank-Data-Update","definition":{"metadata":{"workflowEntityId":null,"processAdvisorMetadata":null,"flowChargedByPaygo":null,"flowclientsuspensionreason":"None","flowclientsuspensiontime":null,"flowclientsuspensionreasondetails":null,"creator":{"id":"ca922f24-af7e-43f6-9844-5e86a03d9b57","type":"User","tenantId":"0a9788cc-0df2-45b2-857e-e6c3fa127f1d"},"provisioningMethod":"FromDefinition","failureAlertSubscription":true,"clientLastModifiedTime":"2023-07-14T07:19:46.097735Z"},"$schema":"https://schema.management.azure.com/providers/Microsoft.Logic/schemas/2016-06-01/workflowdefinition.json#","contentVersion":"1.0.0.0","parameters":{"$connections":{"defaultValue":{},"type":"Object"},"$authentication":{"defaultValue":{},"type":"SecureObject"}},"triggers":{"manual":{"metadata":{"operationMetadataId":"674c9034-8624-4fe6-96cb-0582d1e23235"},"type":"Request","kind":"PowerApp","inputs":{"schema":{"type":"object","properties":{"Createitem_Title":{"type":"string","x-ms-powerflows-param-ispartial":false},"Createitem_Money":{"type":"number","format":"double","x-ms-powerflows-param-ispartial":false},"Createitem_To":{"type":"number","format":"double","x-ms-powerflows-param-ispartial":false},"Createitem_IFSC_Code":{"type":"string"},"Createitem_IMPSNo":{"type":"number","format":"double","x-ms-powerflows-param-ispartial":false}},"required":["Createitem_Title","Createitem_Money","Createitem_To","Createitem_IFSC_Code","Createitem_IMPSNo"]}}}},"actions":{"Create_item":{"runAfter":{},"metadata":{"operationMetadataId":"e1204190-a5f8-45f8-b9ac-f12c5aabd9d6"},"type":"OpenApiConnection","inputs":{"host":{"apiId":"/providers/Microsoft.PowerApps/apis/shared_sharepointonline","connectionName":"shared_sharepointonline","operationId":"PostItem"},"parameters":{"dataset":"https://spb5107.sharepoint.com/sites/BankingApp","table":"e1612cf7-10a0-409c-8d16-296a9f204963","item/Title":"@triggerBody()['Createitem_Title']","item/Money":"@triggerBody()['Createitem_Money']","item/To":"@triggerBody()['Createitem_To']","item/IFSC_Code":"@triggerBody()['Createitem_IFSC_Code']","item/IMPSNo_x002e_":"@triggerBody()['Createitem_IMPSNo']","item/From":302042343423,"item/Status/Value":"pass"},"authentication":{"value":"@json(decodeBase64(triggerOutputs().headers['X-MS-APIM-Tokens']))['$ConnectionKey']","type":"Raw"}}}}},"connectionReferences":{"shared_sharepointonline":{"connectionName":"0a33255a9cd546fd9234b4e19fa7d3da","source":"Invoker","id":"/providers/Microsoft.PowerApps/apis/shared_sharepointonline","tier":"NotSpecified"}},"flowFailureAlertSubscribed":false,"isManaged":false}}