{"schemaVersion":"1.0","appDefinitionTemplate":{"id":"/providers/Microsoft.PowerApps/apps/","type":"Microsoft.PowerApps/apps","tags":{"primaryDeviceWidth":"1366","primaryDeviceHeight":"768","supportsPortrait":"true","supportsLandscape":"true","primaryFormFactor":"Tablet","publisherVersion":"3.23073.23","minimumRequiredApiVersion":"2.2.0","hasComponent":"true","hasUnlockedComponent":"true","isUnifiedRootApp":"false","sienaVersion":"20230727T104218Z-3.23073.23.0"},"properties":{"appVersion":"2023-07-27T10:42:18Z","lifeCycleId":"Published","createdByClientVersion":{"major":3,"minor":23073,"build":23,"revision":0,"majorRevision":0,"minorRevision":0},"minClientVersion":{"major":3,"minor":23073,"build":23,"revision":0,"majorRevision":0,"minorRevision":0},"backgroundColor":"RGBA(0,176,240,1)","backgroundImageUri":"/15270204096727766074/Nc6e76064-ecc0-4c8e-a6bd-f0ca5e158e90-logoSmallFile","displayName":"Banking App - 14","description":"","commitMessage":"","appUris":{"documentUri":{"value":"/15270204096727766074/N05f044e6-eca5-45de-8f59-0220abf48826-document.msapp"},"imageUris":[],"additionalUris":[]},"createdTime":"0001-01-01T00:00:00Z","lastModifiedTime":"0001-01-01T00:00:00Z","sharedGroupsCount":0,"sharedUsersCount":0,"connectionReferences":{"13bb517c-f2c0-41d8-b3de-655e341ade66":{"id":"f0c1fada-42b3-43c4-b870-f5c3caba8a0d","displayName":"SharePoint","iconUri":"https://connectoricons-prod.azureedge.net/u/shgogna/globalperconnector-train1/1.0.1639.3310/sharepointonline/icon.png","dataSources":["Bank Data","Total Money","Money Left","Loan Form"],"dependencies":[],"dependents":["2b134350-e395-4fc6-b9b6-d271890c1f51","789a8986-2134-4121-9681-b24dd9d4c460"],"parameterHints":{},"parameterHintsV2":{},"isOnPremiseConnection":false,"bypassConsent":false,"dataSets":{"https://spb5107.sharepoint.com/sites/BankingApp":{"dataSources":{"Bank Data":{"tableName":"993f0cc3-89e8-47ea-b091-3d51cf2632d4"},"Total Money":{"tableName":"e1612cf7-10a0-409c-8d16-296a9f204963"},"Money Left":{"tableName":"605c2681-d91e-4b4e-859c-4fdf100c8689"},"Loan Form":{"tableName":"0e6eea7f-f6fe-4586-8854-ec5b83fb271e"}}}},"apiTier":"Standard","isCustomApiConnection":false,"actions":["providers/PowerPlatform.Governance/Operations/Read","providers/PowerPlatform.Governance/Operations/Write"]},"2b134350-e395-4fc6-b9b6-d271890c1f51":{"id":"04ea4497-c552-4145-8f2a-5de30102b08b","displayName":"Logic flows","iconUri":"https://connectoricons-prod.azureedge.net/releases/v1.0.1645/1.0.1645.3345/logicflows/icon.png","dataSources":["Sub-Money"],"dependencies":["13bb517c-f2c0-41d8-b3de-655e341ade66"],"dependents":[],"parameterHints":{"workflowName":{"value":"8411fcc6-1bfd-4f8f-8d27-ac1de64cb727"},"workflowEntityId":{},"13bb517c-f2c0-41d8-b3de-655e341ade66":{"value":"shared_sharepointonline"}},"parameterHintsV2":{"workflowName":{"value":"8411fcc6-1bfd-4f8f-8d27-ac1de64cb727"},"workflowEntityId":{},"shared_sharepointonline":{"value":"13bb517c-f2c0-41d8-b3de-655e341ade66"}},"isOnPremiseConnection":false,"bypassConsent":false,"dataSets":{},"apiTier":"Standard","isCustomApiConnection":false,"actions":["Run"],"nestedActions":[{"id":"/providers/Microsoft.PowerApps/apis/shared_sharepointonline/apiOperations/PatchItem","apiName":"SharePoint","actionName":"PatchItem","referencedResources":[{"key":"site","value":"https://spb5107.sharepoint.com/sites/BankingApp"},{"key":"list","value":"605c2681-d91e-4b4e-859c-4fdf100c8689"}]}]},"7548d9b1-d084-45b3-b47a-d8d358f32f30":{"id":"04ea4497-c552-4145-8f2a-5de30102b08b","displayName":"Logic flows","iconUri":"https://connectoricons-prod.azureedge.net/releases/v1.0.1645/1.0.1645.3345/logicflows/icon.png","dataSources":["OTP-Verification"],"dependencies":["1280e60a-3689-48b6-a322-f212df80ea98"],"dependents":[],"parameterHints":{"workflowName":{"value":"8085ed7b-a5fa-4877-b1c7-04bf8e47982d"},"workflowEntityId":{},"1280e60a-3689-48b6-a322-f212df80ea98":{"value":"shared_office365"}},"parameterHintsV2":{"workflowName":{"value":"8085ed7b-a5fa-4877-b1c7-04bf8e47982d"},"workflowEntityId":{},"shared_office365":{"value":"1280e60a-3689-48b6-a322-f212df80ea98"}},"isOnPremiseConnection":false,"bypassConsent":false,"dataSets":{},"apiTier":"Standard","isCustomApiConnection":false,"actions":["Run"],"nestedActions":[{"id":"/providers/Microsoft.PowerApps/apis/shared_office365/apiOperations/SendEmailV2","apiName":"Office 365 Outlook","actionName":"SendEmailV2","referencedResources":[]}]},"1280e60a-3689-48b6-a322-f212df80ea98":{"id":"092ce3f8-1a1c-4729-91a9-c7b43409be6c","displayName":"Office 365 Outlook","iconUri":"https://connectoricons-prod.azureedge.net/u/laborbol/partial-builds/390724148/1.0.1641.3327/office365/icon.png","dataSources":[],"dependencies":[],"dependents":["7548d9b1-d084-45b3-b47a-d8d358f32f30","746bd94b-0adf-48bd-b2e4-d7107c1823df"],"parameterHints":{},"parameterHintsV2":{},"isOnPremiseConnection":false,"bypassConsent":false,"dataSets":{},"apiTier":"Standard","isCustomApiConnection":false},"746bd94b-0adf-48bd-b2e4-d7107c1823df":{"id":"04ea4497-c552-4145-8f2a-5de30102b08b","displayName":"Logic flows","iconUri":"https://connectoricons-prod.azureedge.net/releases/v1.0.1645/1.0.1645.3345/logicflows/icon.png","dataSources":["PaymentConformationFlow"],"dependencies":["1280e60a-3689-48b6-a322-f212df80ea98"],"dependents":[],"parameterHints":{"workflowName":{"value":"b3beede6-9c1b-4f20-923e-5051acd88cfc"},"workflowEntityId":{},"1280e60a-3689-48b6-a322-f212df80ea98":{"value":"shared_office365"}},"parameterHintsV2":{"workflowName":{"value":"b3beede6-9c1b-4f20-923e-5051acd88cfc"},"workflowEntityId":{},"shared_office365":{"value":"1280e60a-3689-48b6-a322-f212df80ea98"}},"isOnPremiseConnection":false,"bypassConsent":false,"dataSets":{},"apiTier":"Standard","isCustomApiConnection":false,"actions":["Run"],"nestedActions":[{"id":"/providers/Microsoft.PowerApps/apis/shared_office365/apiOperations/SendEmailV2","apiName":"Office 365 Outlook","actionName":"SendEmailV2","referencedResources":[]}]},"789a8986-2134-4121-9681-b24dd9d4c460":{"id":"04ea4497-c552-4145-8f2a-5de30102b08b","displayName":"Logic flows","iconUri":"https://connectoricons-prod.azureedge.net/releases/v1.0.1645/1.0.1645.3345/logicflows/icon.png","dataSources":["Bank-Data-Update"],"dependencies":["13bb517c-f2c0-41d8-b3de-655e341ade66"],"dependents":[],"parameterHints":{"workflowName":{"value":"eee2c20d-5158-4061-96e9-6e16497bcec2"},"workflowEntityId":{},"13bb517c-f2c0-41d8-b3de-655e341ade66":{"value":"shared_sharepointonline"}},"parameterHintsV2":{"workflowName":{"value":"eee2c20d-5158-4061-96e9-6e16497bcec2"},"workflowEntityId":{},"shared_sharepointonline":{"value":"13bb517c-f2c0-41d8-b3de-655e341ade66"}},"isOnPremiseConnection":false,"bypassConsent":false,"dataSets":{},"apiTier":"Standard","isCustomApiConnection":false,"actions":["Run"],"nestedActions":[{"id":"/providers/Microsoft.PowerApps/apis/shared_sharepointonline/apiOperations/PostItem","apiName":"SharePoint","actionName":"PostItem","referencedResources":[{"key":"site","value":"https://spb5107.sharepoint.com/sites/BankingApp"},{"key":"list","value":"e1612cf7-10a0-409c-8d16-296a9f204963"}]}]}},"databaseReferences":{},"almMode":"Environment","performanceOptimizationEnabled":true,"canConsumeAppPass":true,"enableModernRuntimeMode":false,"executionRestrictions":{"isTeamsOnly":false,"dataLossPreventionEvaluationResult":{"status":"Compliant","lastEvaluationDate":"2023-07-27T11:05:20.061792Z","violations":[],"violationsByPolicy":[],"violationErrorMessage":"The app uses the following connectors: shared_sharepointonline, shared_logicflows, shared_office365."},"httpActionRestriction":{"appUsesSharepointHttpAction":false,"enforcementStrategy":"Legacy","evaluationTime":"2023-07-27T11:05:20.0616854Z"}}},"appType":"ClassicCanvasApp","appComponents":[]}}