{"name":"f767b776-2eb7-4335-8b9d-1ad31860337f","id":"/providers/Microsoft.Flow/flows/f767b776-2eb7-4335-8b9d-1ad31860337f","type":"Microsoft.Flow/flows","properties":{"apiId":"/providers/Microsoft.PowerApps/apis/shared_logicflows","displayName":"OTP-Verification","definition":{"metadata":{"workflowEntityId":null,"processAdvisorMetadata":null,"flowChargedByPaygo":null,"flowclientsuspensionreason":"None","flowclientsuspensiontime":null,"flowclientsuspensionreasondetails":null,"creator":{"id":"ca922f24-af7e-43f6-9844-5e86a03d9b57","type":"User","tenantId":"0a9788cc-0df2-45b2-857e-e6c3fa127f1d"},"provisioningMethod":"FromDefinition","failureAlertSubscription":true,"clientLastModifiedTime":"2023-07-12T14:55:22.8495503Z"},"$schema":"https://schema.management.azure.com/providers/Microsoft.Logic/schemas/2016-06-01/workflowdefinition.json#","contentVersion":"1.0.0.0","parameters":{"$connections":{"defaultValue":{},"type":"Object"},"$authentication":{"defaultValue":{},"type":"SecureObject"}},"triggers":{"manual":{"metadata":{"operationMetadataId":"eca6b36e-b2ce-48f3-a5d4-3ea5f80f6a4b"},"type":"Request","kind":"PowerApp","inputs":{"schema":{"type":"object","properties":{"Sendanemail(V2)_Body":{"type":"string","format":"html","description":"Specify the body of the mail. This parameter is used as part of \"5E883E66-354B-4174-B7E2-86325B17FFD8\"","x-ms-powerflows-param-ispartial":true},"Sendanemail(V2)_Body_1":{"type":"string"},"Sendanemail(V2)_Body_2":{"type":"string"}},"required":["Sendanemail(V2)_Body","Sendanemail(V2)_Body_1","Sendanemail(V2)_Body_2"]}}}},"actions":{"Send_an_email_(V2)":{"runAfter":{},"metadata":{"operationMetadataId":"8e8ac78c-1ab9-4ffd-8f82-6a0f088b0d36"},"type":"OpenApiConnection","inputs":{"host":{"apiId":"/providers/Microsoft.PowerApps/apis/shared_office365","connectionName":"shared_office365","operationId":"SendEmailV2"},"parameters":{"emailMessage/To":"rutuj@spb5107.onmicrosoft.com","emailMessage/Subject":" OTP Verification for Payment","emailMessage/Body":"<p>Dear Rutuj Babasaheb Gopale,<br>\nThank you for choosing Global Bank for your payment transaction. To ensure the security of your transaction, we require an OTP (One-Time Password) verification.<br>\nPlease find below the details for OTP verification:<br>\n<br>\nTransaction Details:<br>\n<br>\n&gt; Payment Amount: Rs.@{triggerBody()['Sendanemail(V2)_Body']}<br>\n&gt; Transaction ID: @{triggerBody()['Sendanemail(V2)_Body_1']}<br>\n<br>\n<strong>OTP Verification Code: </strong><strong>@{triggerBody()['Sendanemail(V2)_Body_2']}</strong><strong></strong><br>\n</p>","emailMessage/Importance":"Normal"},"authentication":{"value":"@json(decodeBase64(triggerOutputs().headers['X-MS-APIM-Tokens']))['$ConnectionKey']","type":"Raw"}}}}},"connectionReferences":{"shared_office365":{"connectionName":"shared-office365-9ff5c81a-c446-4116-ab85-ae3d3aee764e","source":"Invoker","id":"/providers/Microsoft.PowerApps/apis/shared_office365","tier":"NotSpecified"}},"flowFailureAlertSubscribed":false,"isManaged":false}}