{"name":"5dfc948d-f342-4633-a8f4-8df5b6e62464","id":"/providers/Microsoft.Flow/flows/5dfc948d-f342-4633-a8f4-8df5b6e62464","type":"Microsoft.Flow/flows","properties":{"apiId":"/providers/Microsoft.PowerApps/apis/shared_logicflows","displayName":"Payment Conformation Flow","definition":{"metadata":{"workflowEntityId":null,"processAdvisorMetadata":null,"flowChargedByPaygo":null,"flowclientsuspensionreason":"None","flowclientsuspensiontime":null,"flowclientsuspensionreasondetails":null,"creator":{"id":"ca922f24-af7e-43f6-9844-5e86a03d9b57","type":"User","tenantId":"0a9788cc-0df2-45b2-857e-e6c3fa127f1d"},"provisioningMethod":"FromDefinition","failureAlertSubscription":true,"clientLastModifiedTime":"2023-07-13T06:42:26.7350999Z"},"$schema":"https://schema.management.azure.com/providers/Microsoft.Logic/schemas/2016-06-01/workflowdefinition.json#","contentVersion":"1.0.0.0","parameters":{"$connections":{"defaultValue":{},"type":"Object"},"$authentication":{"defaultValue":{},"type":"SecureObject"}},"triggers":{"manual":{"metadata":{"operationMetadataId":"3dcbf56a-2499-4a3f-b273-21a5e4faaacd"},"type":"Request","kind":"PowerApp","inputs":{"schema":{"type":"object","properties":{"Sendanemail(V2)_Body":{"type":"string","format":"html","description":"Specify the body of the mail. This parameter is used as part of \"48277650-AFCD-4BE5-9CC7-7DEDB5A745E1\"","x-ms-powerflows-param-ispartial":true},"Sendanemail(V2)_Body_1":{"type":"string"},"Sendanemail(V2)_Body_2":{"type":"string"}},"required":["Sendanemail(V2)_Body","Sendanemail(V2)_Body_1","Sendanemail(V2)_Body_2"]}}}},"actions":{"Send_an_email_(V2)":{"runAfter":{},"metadata":{"operationMetadataId":"44aeed77-8919-4bd2-ab83-16406cc93231"},"type":"OpenApiConnection","inputs":{"host":{"apiId":"/providers/Microsoft.PowerApps/apis/shared_office365","connectionName":"shared_office365","operationId":"SendEmailV2"},"parameters":{"emailMessage/To":"rutuj@spb5107.onmicrosoft.com","emailMessage/Subject":"GLOBAL BANK - Payment Successful","emailMessage/Body":"<p>A/c <strong></strong><strong>@{triggerBody()['Sendanemail(V2)_Body']}</strong><strong> </strong>debited Rs.@{triggerBody()['Sendanemail(V2)_Body_1']} Total Avl Bal: Rs. @{triggerBody()['Sendanemail(V2)_Body_2']}. Call 180013123 if the transaction is not done by you to block account/card.</p>","emailMessage/Importance":"Normal"},"authentication":{"value":"@json(decodeBase64(triggerOutputs().headers['X-MS-APIM-Tokens']))['$ConnectionKey']","type":"Raw"}}}}},"connectionReferences":{"shared_office365":{"connectionName":"shared-office365-9ff5c81a-c446-4116-ab85-ae3d3aee764e","source":"Invoker","id":"/providers/Microsoft.PowerApps/apis/shared_office365","tier":"NotSpecified"}},"flowFailureAlertSubscribed":false,"isManaged":false}}